"dt"	"level"	"Alice"	"Bob"
2014-06-30	1	7280	0
2014-06-30	2	6490	0
2014-06-30	3	10890	0
2014-06-30	4	14030	0
2014-06-30	5	14380	0
2014-06-30	6	9500	0
2014-06-30	7	10860	0
2014-06-30	8	9600	0
2014-06-30	9	8200	0
2014-06-30	10	6800	0
2014-06-30	11	11620	0
2014-06-30	12	10800	0
2014-06-30	13	6080	0
2014-06-30	14	11200	0
2014-06-30	15	5430	0
2014-06-30	16	6520	0
2014-06-30	17	0	0
2014-06-30	18	0	0
2014-06-30	19	0	0
2014-06-30	20	0	0
2014-06-30	21	0	0
2014-06-30	22	0	0
2014-06-30	23	0	0
2014-06-30	24	0	0
2014-06-30	25	0	0
2014-06-30	26	0	0
2014-06-30	27	0	0
2014-06-30	28	0	0
2014-06-30	29	0	0
2014-06-30	30	0	0
2014-06-30	31	0	0
2014-06-30	32	0	0
2014-06-30	33	0	0
2014-06-30	34	0	0
2014-06-30	35	0	0
2014-06-30	36	0	0
2014-06-30	37	0	0
2014-06-30	38	0	0
2014-06-30	39	0	0
2014-06-30	40	0	0
2014-06-30	41	0	0
2014-06-30	42	0	0
2014-06-30	43	0	0
2014-06-30	44	0	0
2014-06-30	45	0	0
2014-06-30	46	0	0
2014-06-30	47	0	0
2014-06-30	48	0	0
2014-06-30	49	0	0
2014-07-01	1	7280	0
2014-07-01	2	6490	0
2014-07-01	3	10890	0
2014-07-01	4	14030	0
2014-07-01	5	14380	0
2014-07-01	6	9500	0
2014-07-01	7	10860	0
2014-07-01	8	9600	0
2014-07-01	9	8200	0
2014-07-01	10	6800	0
2014-07-01	11	11620	0
2014-07-01	12	10800	0
2014-07-01	13	6080	0
2014-07-01	14	11200	0
2014-07-01	15	5430	0
2014-07-01	16	6520	0
2014-07-01	17	6220	0
2014-07-01	18	15920	0
2014-07-01	19	13250	0
2014-07-01	20	14460	0
2014-07-01	21	19410	0
2014-07-01	22	11810	0
2014-07-01	23	10620	0
2014-07-01	24	10150	0
2014-07-01	25	9240	0
2014-07-01	26	0	0
2014-07-01	27	0	0
2014-07-01	28	0	0
2014-07-01	29	0	0
2014-07-01	30	0	0
2014-07-01	31	0	0
2014-07-01	32	0	0
2014-07-01	33	0	0
2014-07-01	34	0	0
2014-07-01	35	0	0
2014-07-01	36	0	0
2014-07-01	37	0	0
2014-07-01	38	0	0
2014-07-01	39	0	0
2014-07-01	40	0	0
2014-07-01	41	0	0
2014-07-01	42	0	0
2014-07-01	43	0	0
2014-07-01	44	0	0
2014-07-01	45	0	0
2014-07-01	46	0	0
2014-07-01	47	0	0
2014-07-01	48	0	0
2014-07-01	49	0	0
2014-07-02	1	7280	0
2014-07-02	2	6490	0
2014-07-02	3	10890	0
2014-07-02	4	14030	0
2014-07-02	5	14380	0
2014-07-02	6	9500	0
2014-07-02	7	10860	0
2014-07-02	8	9600	0
2014-07-02	9	8200	0
2014-07-02	10	6800	0
2014-07-02	11	11620	0
2014-07-02	12	10800	0
2014-07-02	13	6080	0
2014-07-02	14	11200	0
2014-07-02	15	5430	0
2014-07-02	16	6520	0
2014-07-02	17	6220	0
2014-07-02	18	15920	0
2014-07-02	19	13250	0
2014-07-02	20	14460	0
2014-07-02	21	19410	0
2014-07-02	22	11810	0
2014-07-02	23	10620	0
2014-07-02	24	10150	0
2014-07-02	25	9240	0
2014-07-02	26	7590	0
2014-07-02	27	10570	0
2014-07-02	28	0	0
2014-07-02	29	0	0
2014-07-02	30	0	0
2014-07-02	31	0	0
2014-07-02	32	0	0
2014-07-02	33	0	0
2014-07-02	34	0	0
2014-07-02	35	0	0
2014-07-02	36	0	0
2014-07-02	37	0	0
2014-07-02	38	0	0
2014-07-02	39	0	0
2014-07-02	40	0	0
2014-07-02	41	0	0
2014-07-02	42	0	0
2014-07-02	43	0	0
2014-07-02	44	0	0
2014-07-02	45	0	0
2014-07-02	46	0	0
2014-07-02	47	0	0
2014-07-02	48	0	0
2014-07-02	49	0	0
2014-07-03	1	7280	0
2014-07-03	2	6490	0
2014-07-03	3	10890	0
2014-07-03	4	14030	0
2014-07-03	5	14380	0
2014-07-03	6	9500	0
2014-07-03	7	10860	0
2014-07-03	8	9600	0
2014-07-03	9	8200	0
2014-07-03	10	6800	0
2014-07-03	11	11620	0
2014-07-03	12	10800	0
2014-07-03	13	6080	0
2014-07-03	14	11200	0
2014-07-03	15	5430	0
2014-07-03	16	6520	0
2014-07-03	17	6220	0
2014-07-03	18	15920	0
2014-07-03	19	13250	0
2014-07-03	20	14460	0
2014-07-03	21	19410	0
2014-07-03	22	11810	0
2014-07-03	23	10620	0
2014-07-03	24	10150	0
2014-07-03	25	9240	0
2014-07-03	26	7590	0
2014-07-03	27	10570	0
2014-07-03	28	8120	0
2014-07-03	29	6770	0
2014-07-03	30	11510	0
2014-07-03	31	13260	0
2014-07-03	32	8180	0
2014-07-03	33	12770	0
2014-07-03	34	8740	0
2014-07-03	35	7590	0
2014-07-03	36	0	0
2014-07-03	37	0	0
2014-07-03	38	0	0
2014-07-03	39	0	0
2014-07-03	40	0	0
2014-07-03	41	0	0
2014-07-03	42	0	0
2014-07-03	43	0	0
2014-07-03	44	0	0
2014-07-03	45	0	0
2014-07-03	46	0	0
2014-07-03	47	0	0
2014-07-03	48	0	0
2014-07-03	49	0	0
2014-07-04	1	7280	0
2014-07-04	2	6490	0
2014-07-04	3	10890	0
2014-07-04	4	14030	0
2014-07-04	5	14380	0
2014-07-04	6	9500	0
2014-07-04	7	10860	0
2014-07-04	8	9600	0
2014-07-04	9	8200	0
2014-07-04	10	6800	0
2014-07-04	11	11620	0
2014-07-04	12	10800	0
2014-07-04	13	6080	0
2014-07-04	14	11200	0
2014-07-04	15	5430	0
2014-07-04	16	6520	0
2014-07-04	17	6220	0
2014-07-04	18	15920	0
2014-07-04	19	13250	0
2014-07-04	20	14460	0
2014-07-04	21	19410	0
2014-07-04	22	11810	0
2014-07-04	23	10620	0
2014-07-04	24	10150	0
2014-07-04	25	9240	0
2014-07-04	26	7590	0
2014-07-04	27	10570	0
2014-07-04	28	8120	0
2014-07-04	29	9560	0
2014-07-04	30	11510	0
2014-07-04	31	13260	0
2014-07-04	32	10720	0
2014-07-04	33	12770	0
2014-07-04	34	12850	0
2014-07-04	35	7590	0
2014-07-04	36	0	0
2014-07-04	37	0	0
2014-07-04	38	0	0
2014-07-04	39	0	0
2014-07-04	40	0	0
2014-07-04	41	0	0
2014-07-04	42	0	0
2014-07-04	43	0	0
2014-07-04	44	0	0
2014-07-04	45	0	0
2014-07-04	46	0	0
2014-07-04	47	0	0
2014-07-04	48	0	0
2014-07-04	49	0	0
2014-07-05	1	7280	0
2014-07-05	2	6490	0
2014-07-05	3	10890	0
2014-07-05	4	14030	0
2014-07-05	5	14380	0
2014-07-05	6	9500	0
2014-07-05	7	10860	0
2014-07-05	8	9600	0
2014-07-05	9	8200	0
2014-07-05	10	6800	0
2014-07-05	11	11620	0
2014-07-05	12	10800	0
2014-07-05	13	6080	0
2014-07-05	14	11200	0
2014-07-05	15	5430	0
2014-07-05	16	6520	0
2014-07-05	17	6220	0
2014-07-05	18	15920	0
2014-07-05	19	13250	0
2014-07-05	20	14460	0
2014-07-05	21	19410	0
2014-07-05	22	11810	0
2014-07-05	23	12880	0
2014-07-05	24	10150	0
2014-07-05	25	9240	0
2014-07-05	26	8380	0
2014-07-05	27	10570	0
2014-07-05	28	12500	0
2014-07-05	29	9560	0
2014-07-05	30	11510	0
2014-07-05	31	13260	0
2014-07-05	32	10720	0
2014-07-05	33	12770	0
2014-07-05	34	12850	0
2014-07-05	35	7590	0
2014-07-05	36	0	0
2014-07-05	37	0	0
2014-07-05	38	0	0
2014-07-05	39	0	0
2014-07-05	40	0	0
2014-07-05	41	0	0
2014-07-05	42	0	0
2014-07-05	43	0	0
2014-07-05	44	0	0
2014-07-05	45	0	0
2014-07-05	46	0	0
2014-07-05	47	0	0
2014-07-05	48	0	0
2014-07-05	49	0	0
2014-07-06	1	7280	0
2014-07-06	2	6490	0
2014-07-06	3	10890	0
2014-07-06	4	14030	0
2014-07-06	5	14380	0
2014-07-06	6	9500	0
2014-07-06	7	10860	0
2014-07-06	8	9600	0
2014-07-06	9	8200	0
2014-07-06	10	6800	0
2014-07-06	11	11620	0
2014-07-06	12	10800	0
2014-07-06	13	6080	0
2014-07-06	14	11200	0
2014-07-06	15	5430	0
2014-07-06	16	6520	0
2014-07-06	17	6220	0
2014-07-06	18	17720	0
2014-07-06	19	13250	0
2014-07-06	20	14460	0
2014-07-06	21	19410	0
2014-07-06	22	11810	0
2014-07-06	23	12880	0
2014-07-06	24	10150	0
2014-07-06	25	9240	0
2014-07-06	26	8380	0
2014-07-06	27	10570	0
2014-07-06	28	12500	0
2014-07-06	29	9560	0
2014-07-06	30	11510	0
2014-07-06	31	13260	0
2014-07-06	32	10720	0
2014-07-06	33	12770	0
2014-07-06	34	12850	0
2014-07-06	35	7590	0
2014-07-06	36	0	0
2014-07-06	37	0	0
2014-07-06	38	0	0
2014-07-06	39	0	0
2014-07-06	40	0	0
2014-07-06	41	0	0
2014-07-06	42	0	0
2014-07-06	43	0	0
2014-07-06	44	0	0
2014-07-06	45	0	0
2014-07-06	46	0	0
2014-07-06	47	0	0
2014-07-06	48	0	0
2014-07-06	49	0	0
2014-07-07	1	7280	0
2014-07-07	2	6490	0
2014-07-07	3	10890	0
2014-07-07	4	14030	0
2014-07-07	5	14380	0
2014-07-07	6	9500	0
2014-07-07	7	10860	0
2014-07-07	8	9600	0
2014-07-07	9	8200	0
2014-07-07	10	6800	0
2014-07-07	11	11620	0
2014-07-07	12	10800	0
2014-07-07	13	6080	0
2014-07-07	14	11200	0
2014-07-07	15	5430	0
2014-07-07	16	8080	0
2014-07-07	17	7780	0
2014-07-07	18	17720	0
2014-07-07	19	13250	0
2014-07-07	20	14460	0
2014-07-07	21	19410	0
2014-07-07	22	11810	0
2014-07-07	23	12880	0
2014-07-07	24	10150	0
2014-07-07	25	9240	0
2014-07-07	26	8380	0
2014-07-07	27	10570	0
2014-07-07	28	12500	0
2014-07-07	29	9560	0
2014-07-07	30	11510	0
2014-07-07	31	13260	0
2014-07-07	32	10720	0
2014-07-07	33	12770	0
2014-07-07	34	12850	0
2014-07-07	35	7590	0
2014-07-07	36	0	0
2014-07-07	37	0	0
2014-07-07	38	0	0
2014-07-07	39	0	0
2014-07-07	40	0	0
2014-07-07	41	0	0
2014-07-07	42	0	0
2014-07-07	43	0	0
2014-07-07	44	0	0
2014-07-07	45	0	0
2014-07-07	46	0	0
2014-07-07	47	0	0
2014-07-07	48	0	0
2014-07-07	49	0	0
2014-07-08	1	8380	0
2014-07-08	2	6490	0
2014-07-08	3	10890	0
2014-07-08	4	14030	0
2014-07-08	5	14380	0
2014-07-08	6	11960	0
2014-07-08	7	10860	0
2014-07-08	8	12160	0
2014-07-08	9	10600	0
2014-07-08	10	9650	0
2014-07-08	11	11620	0
2014-07-08	12	10800	0
2014-07-08	13	8980	0
2014-07-08	14	11200	0
2014-07-08	15	7620	0
2014-07-08	16	9430	0
2014-07-08	17	7780	0
2014-07-08	18	17720	0
2014-07-08	19	13250	0
2014-07-08	20	14460	0
2014-07-08	21	19410	0
2014-07-08	22	11810	0
2014-07-08	23	12880	0
2014-07-08	24	10150	0
2014-07-08	25	9240	0
2014-07-08	26	8380	0
2014-07-08	27	10570	0
2014-07-08	28	12500	0
2014-07-08	29	9560	0
2014-07-08	30	11510	0
2014-07-08	31	13260	0
2014-07-08	32	10720	0
2014-07-08	33	12770	0
2014-07-08	34	12850	0
2014-07-08	35	7590	0
2014-07-08	36	0	0
2014-07-08	37	0	0
2014-07-08	38	0	0
2014-07-08	39	0	0
2014-07-08	40	0	0
2014-07-08	41	0	0
2014-07-08	42	0	0
2014-07-08	43	0	0
2014-07-08	44	0	0
2014-07-08	45	0	0
2014-07-08	46	0	0
2014-07-08	47	0	0
2014-07-08	48	0	0
2014-07-08	49	0	0
2014-07-09	1	8380	0
2014-07-09	2	6490	0
2014-07-09	3	10890	0
2014-07-09	4	14030	0
2014-07-09	5	14380	0
2014-07-09	6	11960	0
2014-07-09	7	10860	0
2014-07-09	8	12160	0
2014-07-09	9	10600	0
2014-07-09	10	9650	0
2014-07-09	11	11620	0
2014-07-09	12	10800	0
2014-07-09	13	8980	0
2014-07-09	14	11200	0
2014-07-09	15	7620	0
2014-07-09	16	10760	0
2014-07-09	17	8380	0
2014-07-09	18	17720	0
2014-07-09	19	13250	0
2014-07-09	20	14460	0
2014-07-09	21	19410	0
2014-07-09	22	11810	0
2014-07-09	23	12880	0
2014-07-09	24	10150	0
2014-07-09	25	9240	0
2014-07-09	26	13750	0
2014-07-09	27	10570	0
2014-07-09	28	12500	0
2014-07-09	29	9560	0
2014-07-09	30	11510	0
2014-07-09	31	13260	0
2014-07-09	32	10720	0
2014-07-09	33	12770	0
2014-07-09	34	12850	0
2014-07-09	35	14130	0
2014-07-09	36	0	0
2014-07-09	37	0	0
2014-07-09	38	0	0
2014-07-09	39	0	0
2014-07-09	40	0	0
2014-07-09	41	0	0
2014-07-09	42	0	0
2014-07-09	43	0	0
2014-07-09	44	0	0
2014-07-09	45	0	0
2014-07-09	46	0	0
2014-07-09	47	0	0
2014-07-09	48	0	0
2014-07-09	49	0	0
2014-07-10	1	8380	0
2014-07-10	2	6490	0
2014-07-10	3	10890	0
2014-07-10	4	14030	0
2014-07-10	5	14380	0
2014-07-10	6	11960	0
2014-07-10	7	10860	0
2014-07-10	8	14060	0
2014-07-10	9	10600	0
2014-07-10	10	9650	0
2014-07-10	11	11620	0
2014-07-10	12	10800	0
2014-07-10	13	8980	0
2014-07-10	14	11200	0
2014-07-10	15	7620	0
2014-07-10	16	10760	0
2014-07-10	17	8380	0
2014-07-10	18	17720	0
2014-07-10	19	13250	0
2014-07-10	20	14460	0
2014-07-10	21	19410	0
2014-07-10	22	11810	0
2014-07-10	23	12880	0
2014-07-10	24	10150	0
2014-07-10	25	9240	0
2014-07-10	26	13750	0
2014-07-10	27	10570	0
2014-07-10	28	12500	0
2014-07-10	29	9560	0
2014-07-10	30	11510	0
2014-07-10	31	13260	0
2014-07-10	32	10720	0
2014-07-10	33	12770	0
2014-07-10	34	12850	0
2014-07-10	35	14130	0
2014-07-10	36	0	0
2014-07-10	37	0	0
2014-07-10	38	0	0
2014-07-10	39	0	0
2014-07-10	40	0	0
2014-07-10	41	0	0
2014-07-10	42	0	0
2014-07-10	43	0	0
2014-07-10	44	0	0
2014-07-10	45	0	0
2014-07-10	46	0	0
2014-07-10	47	0	0
2014-07-10	48	0	0
2014-07-10	49	0	0
2014-07-11	1	8380	0
2014-07-11	2	6490	0
2014-07-11	3	10890	0
2014-07-11	4	14030	0
2014-07-11	5	14380	0
2014-07-11	6	11960	0
2014-07-11	7	10860	0
2014-07-11	8	14060	0
2014-07-11	9	10670	0
2014-07-11	10	9650	0
2014-07-11	11	11620	0
2014-07-11	12	10800	0
2014-07-11	13	8980	0
2014-07-11	14	11200	0
2014-07-11	15	7620	0
2014-07-11	16	10760	0
2014-07-11	17	8380	0
2014-07-11	18	17720	0
2014-07-11	19	13250	0
2014-07-11	20	14460	0
2014-07-11	21	19410	0
2014-07-11	22	11810	0
2014-07-11	23	12880	0
2014-07-11	24	10150	0
2014-07-11	25	9240	0
2014-07-11	26	13750	0
2014-07-11	27	10570	0
2014-07-11	28	12500	0
2014-07-11	29	9560	0
2014-07-11	30	11510	0
2014-07-11	31	13260	0
2014-07-11	32	10720	0
2014-07-11	33	12770	0
2014-07-11	34	12850	0
2014-07-11	35	14130	0
2014-07-11	36	0	0
2014-07-11	37	0	0
2014-07-11	38	0	0
2014-07-11	39	0	0
2014-07-11	40	0	0
2014-07-11	41	0	0
2014-07-11	42	0	0
2014-07-11	43	0	0
2014-07-11	44	0	0
2014-07-11	45	0	0
2014-07-11	46	0	0
2014-07-11	47	0	0
2014-07-11	48	0	0
2014-07-11	49	0	0
2014-07-12	1	8380	0
2014-07-12	2	6490	0
2014-07-12	3	10890	0
2014-07-12	4	14030	0
2014-07-12	5	14380	0
2014-07-12	6	11960	0
2014-07-12	7	10860	0
2014-07-12	8	14060	0
2014-07-12	9	10670	0
2014-07-12	10	9650	0
2014-07-12	11	11620	0
2014-07-12	12	10800	0
2014-07-12	13	8980	0
2014-07-12	14	11200	0
2014-07-12	15	7620	0
2014-07-12	16	10760	0
2014-07-12	17	9620	0
2014-07-12	18	17720	0
2014-07-12	19	13250	0
2014-07-12	20	14460	0
2014-07-12	21	19410	0
2014-07-12	22	11810	0
2014-07-12	23	12880	0
2014-07-12	24	10150	0
2014-07-12	25	9240	0
2014-07-12	26	13750	0
2014-07-12	27	10570	0
2014-07-12	28	12500	0
2014-07-12	29	9560	0
2014-07-12	30	11510	0
2014-07-12	31	13260	0
2014-07-12	32	10720	0
2014-07-12	33	12770	0
2014-07-12	34	12850	0
2014-07-12	35	14130	0
2014-07-12	36	0	0
2014-07-12	37	0	0
2014-07-12	38	0	0
2014-07-12	39	0	0
2014-07-12	40	0	0
2014-07-12	41	0	0
2014-07-12	42	0	0
2014-07-12	43	0	0
2014-07-12	44	0	0
2014-07-12	45	0	0
2014-07-12	46	0	0
2014-07-12	47	0	0
2014-07-12	48	0	0
2014-07-12	49	0	0
2014-07-13	1	15430	0
2014-07-13	2	6490	0
2014-07-13	3	10890	0
2014-07-13	4	14030	0
2014-07-13	5	14380	0
2014-07-13	6	11960	0
2014-07-13	7	10860	0
2014-07-13	8	15230	0
2014-07-13	9	13200	0
2014-07-13	10	9650	0
2014-07-13	11	11620	0
2014-07-13	12	10800	0
2014-07-13	13	8980	0
2014-07-13	14	11200	0
2014-07-13	15	7620	0
2014-07-13	16	10760	0
2014-07-13	17	9620	0
2014-07-13	18	17720	0
2014-07-13	19	13250	0
2014-07-13	20	14460	0
2014-07-13	21	19410	0
2014-07-13	22	11810	0
2014-07-13	23	12880	0
2014-07-13	24	10150	0
2014-07-13	25	9240	0
2014-07-13	26	13750	0
2014-07-13	27	10570	0
2014-07-13	28	12500	0
2014-07-13	29	9560	0
2014-07-13	30	11510	0
2014-07-13	31	13260	0
2014-07-13	32	10720	0
2014-07-13	33	12770	0
2014-07-13	34	12850	0
2014-07-13	35	14130	0
2014-07-13	36	0	0
2014-07-13	37	0	0
2014-07-13	38	0	0
2014-07-13	39	0	0
2014-07-13	40	0	0
2014-07-13	41	0	0
2014-07-13	42	0	0
2014-07-13	43	0	0
2014-07-13	44	0	0
2014-07-13	45	0	0
2014-07-13	46	0	0
2014-07-13	47	0	0
2014-07-13	48	0	0
2014-07-13	49	0	0
2014-07-14	1	15430	0
2014-07-14	2	6490	0
2014-07-14	3	10890	0
2014-07-14	4	14030	0
2014-07-14	5	14380	0
2014-07-14	6	11960	0
2014-07-14	7	10860	0
2014-07-14	8	15230	0
2014-07-14	9	13200	0
2014-07-14	10	9650	0
2014-07-14	11	11620	0
2014-07-14	12	10800	0
2014-07-14	13	8980	0
2014-07-14	14	11200	0
2014-07-14	15	7620	0
2014-07-14	16	10760	0
2014-07-14	17	9620	0
2014-07-14	18	17720	0
2014-07-14	19	13250	0
2014-07-14	20	14460	0
2014-07-14	21	19410	0
2014-07-14	22	11810	0
2014-07-14	23	12880	0
2014-07-14	24	10150	0
2014-07-14	25	9240	0
2014-07-14	26	13750	0
2014-07-14	27	10570	0
2014-07-14	28	12500	0
2014-07-14	29	9560	0
2014-07-14	30	11510	0
2014-07-14	31	13260	0
2014-07-14	32	10720	0
2014-07-14	33	12770	0
2014-07-14	34	12850	0
2014-07-14	35	14290	0
2014-07-14	36	0	0
2014-07-14	37	0	0
2014-07-14	38	0	0
2014-07-14	39	0	0
2014-07-14	40	0	0
2014-07-14	41	0	0
2014-07-14	42	0	0
2014-07-14	43	0	0
2014-07-14	44	0	0
2014-07-14	45	0	0
2014-07-14	46	0	0
2014-07-14	47	0	0
2014-07-14	48	0	0
2014-07-14	49	0	0
2014-07-15	1	15430	7840
2014-07-15	2	6490	6810
2014-07-15	3	10890	8460
2014-07-15	4	14030	12020
2014-07-15	5	14380	11010
2014-07-15	6	11960	9540
2014-07-15	7	10860	0
2014-07-15	8	15230	0
2014-07-15	9	13200	0
2014-07-15	10	9650	0
2014-07-15	11	11620	0
2014-07-15	12	10800	0
2014-07-15	13	8980	0
2014-07-15	14	11200	0
2014-07-15	15	7620	0
2014-07-15	16	10760	0
2014-07-15	17	9620	0
2014-07-15	18	17720	0
2014-07-15	19	13250	0
2014-07-15	20	14460	0
2014-07-15	21	19410	0
2014-07-15	22	11810	0
2014-07-15	23	12880	0
2014-07-15	24	10150	0
2014-07-15	25	9240	0
2014-07-15	26	13750	0
2014-07-15	27	10570	0
2014-07-15	28	12500	0
2014-07-15	29	9560	0
2014-07-15	30	11510	0
2014-07-15	31	13260	0
2014-07-15	32	10720	0
2014-07-15	33	12770	0
2014-07-15	34	12850	0
2014-07-15	35	14290	0
2014-07-15	36	0	0
2014-07-15	37	0	0
2014-07-15	38	0	0
2014-07-15	39	0	0
2014-07-15	40	0	0
2014-07-15	41	0	0
2014-07-15	42	0	0
2014-07-15	43	0	0
2014-07-15	44	0	0
2014-07-15	45	0	0
2014-07-15	46	0	0
2014-07-15	47	0	0
2014-07-15	48	0	0
2014-07-15	49	0	0
2014-07-16	1	15430	7840
2014-07-16	2	6490	6810
2014-07-16	3	10890	8460
2014-07-16	4	14030	12020
2014-07-16	5	14380	11010
2014-07-16	6	11960	9540
2014-07-16	7	10860	12160
2014-07-16	8	15230	12590
2014-07-16	9	13200	16790
2014-07-16	10	9650	14440
2014-07-16	11	11620	8950
2014-07-16	12	10800	7440
2014-07-16	13	8980	11760
2014-07-16	14	11200	7330
2014-07-16	15	7620	13930
2014-07-16	16	10760	15370
2014-07-16	17	9620	8670
2014-07-16	18	17720	17740
2014-07-16	19	13250	9690
2014-07-16	20	14460	0
2014-07-16	21	19410	0
2014-07-16	22	11810	0
2014-07-16	23	12880	0
2014-07-16	24	10150	0
2014-07-16	25	9240	0
2014-07-16	26	13750	0
2014-07-16	27	10570	0
2014-07-16	28	12500	0
2014-07-16	29	9560	0
2014-07-16	30	11510	0
2014-07-16	31	13260	0
2014-07-16	32	10720	0
2014-07-16	33	12770	0
2014-07-16	34	12850	0
2014-07-16	35	14290	0
2014-07-16	36	0	0
2014-07-16	37	0	0
2014-07-16	38	0	0
2014-07-16	39	0	0
2014-07-16	40	0	0
2014-07-16	41	0	0
2014-07-16	42	0	0
2014-07-16	43	0	0
2014-07-16	44	0	0
2014-07-16	45	0	0
2014-07-16	46	0	0
2014-07-16	47	0	0
2014-07-16	48	0	0
2014-07-16	49	0	0
2014-07-17	1	15430	7840
2014-07-17	2	6490	6810
2014-07-17	3	10890	8460
2014-07-17	4	14030	12020
2014-07-17	5	14380	11010
2014-07-17	6	11960	9540
2014-07-17	7	10860	12160
2014-07-17	8	15230	12590
2014-07-17	9	13200	16790
2014-07-17	10	9650	14440
2014-07-17	11	11620	8950
2014-07-17	12	10800	7440
2014-07-17	13	8980	11760
2014-07-17	14	11200	7330
2014-07-17	15	7620	13930
2014-07-17	16	10760	15370
2014-07-17	17	9620	8670
2014-07-17	18	17720	17740
2014-07-17	19	13250	9690
2014-07-17	20	14460	9770
2014-07-17	21	19410	10710
2014-07-17	22	11810	9770
2014-07-17	23	12880	10440
2014-07-17	24	10150	9390
2014-07-17	25	9240	5770
2014-07-17	26	13750	10270
2014-07-17	27	10570	0
2014-07-17	28	12500	0
2014-07-17	29	9560	0
2014-07-17	30	11510	0
2014-07-17	31	13260	0
2014-07-17	32	10720	0
2014-07-17	33	12770	0
2014-07-17	34	12850	0
2014-07-17	35	14290	0
2014-07-17	36	0	0
2014-07-17	37	0	0
2014-07-17	38	0	0
2014-07-17	39	0	0
2014-07-17	40	0	0
2014-07-17	41	0	0
2014-07-17	42	0	0
2014-07-17	43	0	0
2014-07-17	44	0	0
2014-07-17	45	0	0
2014-07-17	46	0	0
2014-07-17	47	0	0
2014-07-17	48	0	0
2014-07-17	49	0	0
2014-07-18	1	15430	10750
2014-07-18	2	7860	6810
2014-07-18	3	10890	8460
2014-07-18	4	14030	12020
2014-07-18	5	14380	11010
2014-07-18	6	11960	9540
2014-07-18	7	16560	14730
2014-07-18	8	15230	12590
2014-07-18	9	13280	16790
2014-07-18	10	12580	14440
2014-07-18	11	11620	8950
2014-07-18	12	10800	7440
2014-07-18	13	8980	11760
2014-07-18	14	11200	7330
2014-07-18	15	7620	13930
2014-07-18	16	10760	15370
2014-07-18	17	9620	8670
2014-07-18	18	17720	17740
2014-07-18	19	13250	9690
2014-07-18	20	14460	9770
2014-07-18	21	19410	10710
2014-07-18	22	11810	9770
2014-07-18	23	12880	10440
2014-07-18	24	10150	9390
2014-07-18	25	9240	5770
2014-07-18	26	13750	10270
2014-07-18	27	10570	7520
2014-07-18	28	12500	10570
2014-07-18	29	9560	13570
2014-07-18	30	11510	9550
2014-07-18	31	13260	0
2014-07-18	32	10720	0
2014-07-18	33	12770	0
2014-07-18	34	12850	0
2014-07-18	35	14290	0
2014-07-18	36	0	0
2014-07-18	37	0	0
2014-07-18	38	0	0
2014-07-18	39	0	0
2014-07-18	40	0	0
2014-07-18	41	0	0
2014-07-18	42	0	0
2014-07-18	43	0	0
2014-07-18	44	0	0
2014-07-18	45	0	0
2014-07-18	46	0	0
2014-07-18	47	0	0
2014-07-18	48	0	0
2014-07-18	49	0	0
2014-07-19	1	15430	10750
2014-07-19	2	7860	6810
2014-07-19	3	10890	8460
2014-07-19	4	14030	12020
2014-07-19	5	14380	11010
2014-07-19	6	11960	9540
2014-07-19	7	16560	14730
2014-07-19	8	15230	12590
2014-07-19	9	13280	16790
2014-07-19	10	12580	14440
2014-07-19	11	11620	8950
2014-07-19	12	10800	7440
2014-07-19	13	8980	11760
2014-07-19	14	11200	7330
2014-07-19	15	7620	13930
2014-07-19	16	10760	15370
2014-07-19	17	9620	8670
2014-07-19	18	26090	17740
2014-07-19	19	13250	9690
2014-07-19	20	14460	9770
2014-07-19	21	19410	10710
2014-07-19	22	11810	9770
2014-07-19	23	12880	10440
2014-07-19	24	10150	9390
2014-07-19	25	9240	5770
2014-07-19	26	13750	10270
2014-07-19	27	10570	7760
2014-07-19	28	12500	10570
2014-07-19	29	14710	13570
2014-07-19	30	11510	9550
2014-07-19	31	13260	0
2014-07-19	32	10720	0
2014-07-19	33	12770	0
2014-07-19	34	12850	0
2014-07-19	35	14290	0
2014-07-19	36	0	0
2014-07-19	37	0	0
2014-07-19	38	0	0
2014-07-19	39	0	0
2014-07-19	40	0	0
2014-07-19	41	0	0
2014-07-19	42	0	0
2014-07-19	43	0	0
2014-07-19	44	0	0
2014-07-19	45	0	0
2014-07-19	46	0	0
2014-07-19	47	0	0
2014-07-19	48	0	0
2014-07-19	49	0	0
2014-07-20	1	15430	12060
2014-07-20	2	7860	8230
2014-07-20	3	10890	10430
2014-07-20	4	14030	14830
2014-07-20	5	14380	12520
2014-07-20	6	11960	9540
2014-07-20	7	16560	14730
2014-07-20	8	16190	12590
2014-07-20	9	13280	16790
2014-07-20	10	12580	14440
2014-07-20	11	11620	8950
2014-07-20	12	10800	7440
2014-07-20	13	8980	11760
2014-07-20	14	11200	7330
2014-07-20	15	7620	13930
2014-07-20	16	10760	15370
2014-07-20	17	9620	8670
2014-07-20	18	26090	17740
2014-07-20	19	13250	9690
2014-07-20	20	14460	9770
2014-07-20	21	19410	10710
2014-07-20	22	11810	9770
2014-07-20	23	12880	10440
2014-07-20	24	10150	9390
2014-07-20	25	9240	5770
2014-07-20	26	13750	10270
2014-07-20	27	10570	7760
2014-07-20	28	12500	10570
2014-07-20	29	14710	13570
2014-07-20	30	11510	9550
2014-07-20	31	13260	12910
2014-07-20	32	16760	11550
2014-07-20	33	12770	13340
2014-07-20	34	12850	11510
2014-07-20	35	20850	19370
2014-07-20	36	0	0
2014-07-20	37	0	0
2014-07-20	38	0	0
2014-07-20	39	0	0
2014-07-20	40	0	0
2014-07-20	41	0	0
2014-07-20	42	0	0
2014-07-20	43	0	0
2014-07-20	44	0	0
2014-07-20	45	0	0
2014-07-20	46	0	0
2014-07-20	47	0	0
2014-07-20	48	0	0
2014-07-20	49	0	0
2014-07-21	1	15430	12060
2014-07-21	2	9080	8230
2014-07-21	3	10890	10430
2014-07-21	4	16970	14830
2014-07-21	5	14380	12520
2014-07-21	6	11960	9540
2014-07-21	7	16560	14730
2014-07-21	8	16190	12590
2014-07-21	9	15420	16790
2014-07-21	10	18720	14440
2014-07-21	11	11620	8950
2014-07-21	12	10800	7440
2014-07-21	13	19520	11760
2014-07-21	14	11200	7330
2014-07-21	15	10210	13930
2014-07-21	16	10760	15370
2014-07-21	17	9620	8670
2014-07-21	18	26090	17740
2014-07-21	19	13250	9690
2014-07-21	20	14460	9770
2014-07-21	21	19410	10710
2014-07-21	22	11810	9770
2014-07-21	23	12880	10440
2014-07-21	24	10150	9390
2014-07-21	25	9240	5770
2014-07-21	26	13750	10270
2014-07-21	27	10570	7760
2014-07-21	28	12500	10570
2014-07-21	29	14710	13570
2014-07-21	30	11510	9550
2014-07-21	31	13260	12910
2014-07-21	32	16760	11550
2014-07-21	33	12770	13340
2014-07-21	34	12850	11510
2014-07-21	35	20850	19370
2014-07-21	36	0	0
2014-07-21	37	0	0
2014-07-21	38	0	0
2014-07-21	39	0	0
2014-07-21	40	0	0
2014-07-21	41	0	0
2014-07-21	42	0	0
2014-07-21	43	0	0
2014-07-21	44	0	0
2014-07-21	45	0	0
2014-07-21	46	0	0
2014-07-21	47	0	0
2014-07-21	48	0	0
2014-07-21	49	0	0
2014-07-22	1	15430	12060
2014-07-22	2	9080	8230
2014-07-22	3	10890	10430
2014-07-22	4	16970	14830
2014-07-22	5	14380	12520
2014-07-22	6	11960	9540
2014-07-22	7	16560	14730
2014-07-22	8	16190	12590
2014-07-22	9	15420	16790
2014-07-22	10	18720	14440
2014-07-22	11	11620	8950
2014-07-22	12	10800	7440
2014-07-22	13	19520	11760
2014-07-22	14	11200	7330
2014-07-22	15	10210	13930
2014-07-22	16	10760	15370
2014-07-22	17	9620	8670
2014-07-22	18	26090	17740
2014-07-22	19	13250	9690
2014-07-22	20	14460	9770
2014-07-22	21	19410	10710
2014-07-22	22	11810	9770
2014-07-22	23	12880	10440
2014-07-22	24	10150	9390
2014-07-22	25	9240	5770
2014-07-22	26	13750	10270
2014-07-22	27	10570	7760
2014-07-22	28	12500	10570
2014-07-22	29	14710	13570
2014-07-22	30	11510	9550
2014-07-22	31	13260	12910
2014-07-22	32	16760	11550
2014-07-22	33	12770	13340
2014-07-22	34	12850	11510
2014-07-22	35	20850	19370
2014-07-22	36	12010	0
2014-07-22	37	17160	0
2014-07-22	38	0	0
2014-07-22	39	0	0
2014-07-22	40	0	0
2014-07-22	41	0	0
2014-07-22	42	0	0
2014-07-22	43	0	0
2014-07-22	44	0	0
2014-07-22	45	0	0
2014-07-22	46	0	0
2014-07-22	47	0	0
2014-07-22	48	0	0
2014-07-22	49	0	0
2014-07-23	1	15430	12060
2014-07-23	2	9080	8230
2014-07-23	3	10890	10430
2014-07-23	4	16970	14830
2014-07-23	5	14380	12520
2014-07-23	6	11960	9540
2014-07-23	7	16560	14730
2014-07-23	8	16190	12590
2014-07-23	9	18770	16790
2014-07-23	10	18720	14440
2014-07-23	11	11620	8950
2014-07-23	12	10800	7440
2014-07-23	13	19520	11760
2014-07-23	14	11200	7330
2014-07-23	15	13840	13930
2014-07-23	16	10760	15370
2014-07-23	17	9620	8670
2014-07-23	18	26090	17740
2014-07-23	19	13250	9690
2014-07-23	20	14460	9770
2014-07-23	21	19410	10710
2014-07-23	22	11810	9770
2014-07-23	23	12880	10440
2014-07-23	24	10150	9390
2014-07-23	25	9240	5770
2014-07-23	26	13750	10270
2014-07-23	27	10570	7760
2014-07-23	28	12500	10570
2014-07-23	29	14710	13570
2014-07-23	30	11510	9550
2014-07-23	31	13260	12910
2014-07-23	32	16760	11550
2014-07-23	33	12770	13340
2014-07-23	34	12850	11510
2014-07-23	35	20850	19370
2014-07-23	36	12010	0
2014-07-23	37	17160	0
2014-07-23	38	17770	0
2014-07-23	39	9610	0
2014-07-23	40	11840	0
2014-07-23	41	11630	0
2014-07-23	42	12130	0
2014-07-23	43	4620	0
2014-07-23	44	14670	0
2014-07-23	45	6440	0
2014-07-23	46	18780	0
2014-07-23	47	13500	0
2014-07-23	48	18380	0
2014-07-23	49	16380	0
2014-07-24	1	15430	12060
2014-07-24	2	9080	8230
2014-07-24	3	10890	10430
2014-07-24	4	16970	14830
2014-07-24	5	14380	12520
2014-07-24	6	11960	9540
2014-07-24	7	16560	14730
2014-07-24	8	16190	12590
2014-07-24	9	18770	16790
2014-07-24	10	18720	14440
2014-07-24	11	11620	8950
2014-07-24	12	10800	7440
2014-07-24	13	19520	11760
2014-07-24	14	11200	7330
2014-07-24	15	15550	13930
2014-07-24	16	15900	15370
2014-07-24	17	14410	8670
2014-07-24	18	26090	17740
2014-07-24	19	13250	9690
2014-07-24	20	14460	9770
2014-07-24	21	19410	10710
2014-07-24	22	11810	9770
2014-07-24	23	12880	10440
2014-07-24	24	10150	9390
2014-07-24	25	9240	5770
2014-07-24	26	13750	10270
2014-07-24	27	10570	7760
2014-07-24	28	12500	10570
2014-07-24	29	14710	13570
2014-07-24	30	11510	9550
2014-07-24	31	13260	12910
2014-07-24	32	16760	11550
2014-07-24	33	17550	13340
2014-07-24	34	12850	11510
2014-07-24	35	20850	19370
2014-07-24	36	12010	0
2014-07-24	37	17160	0
2014-07-24	38	17770	0
2014-07-24	39	9610	0
2014-07-24	40	11840	0
2014-07-24	41	11630	0
2014-07-24	42	12130	0
2014-07-24	43	4620	0
2014-07-24	44	14670	0
2014-07-24	45	6440	0
2014-07-24	46	18780	0
2014-07-24	47	13500	0
2014-07-24	48	18380	0
2014-07-24	49	16380	0
2014-07-25	1	15430	12060
2014-07-25	2	9080	8230
2014-07-25	3	10890	10430
2014-07-25	4	16970	14830
2014-07-25	5	14380	12520
2014-07-25	6	11960	9540
2014-07-25	7	16560	14730
2014-07-25	8	16190	12590
2014-07-25	9	18770	16790
2014-07-25	10	18720	14440
2014-07-25	11	11620	8950
2014-07-25	12	10800	7440
2014-07-25	13	19520	11760
2014-07-25	14	11200	7330
2014-07-25	15	15550	13930
2014-07-25	16	15900	15370
2014-07-25	17	14410	8670
2014-07-25	18	26090	17740
2014-07-25	19	13250	9690
2014-07-25	20	14460	9770
2014-07-25	21	19410	10710
2014-07-25	22	11810	9770
2014-07-25	23	12880	10440
2014-07-25	24	10150	9390
2014-07-25	25	9240	5770
2014-07-25	26	13750	10270
2014-07-25	27	10570	7760
2014-07-25	28	12500	10570
2014-07-25	29	14710	13570
2014-07-25	30	11510	9550
2014-07-25	31	13260	12910
2014-07-25	32	16760	11550
2014-07-25	33	17550	13340
2014-07-25	34	12850	11510
2014-07-25	35	20850	19370
2014-07-25	36	12010	0
2014-07-25	37	17160	0
2014-07-25	38	17770	0
2014-07-25	39	9610	0
2014-07-25	40	11840	0
2014-07-25	41	11630	0
2014-07-25	42	12130	0
2014-07-25	43	5810	0
2014-07-25	44	14670	0
2014-07-25	45	6440	0
2014-07-25	46	18780	0
2014-07-25	47	13500	0
2014-07-25	48	18380	0
2014-07-25	49	16380	0
2014-07-26	1	15430	12060
2014-07-26	2	9080	8230
2014-07-26	3	10890	10430
2014-07-26	4	16970	14830
2014-07-26	5	14380	12520
2014-07-26	6	11960	9540
2014-07-26	7	16560	14730
2014-07-26	8	16190	12590
2014-07-26	9	18770	16790
2014-07-26	10	18720	14440
2014-07-26	11	11620	8950
2014-07-26	12	10800	7440
2014-07-26	13	19520	11760
2014-07-26	14	11200	7330
2014-07-26	15	15550	13930
2014-07-26	16	15900	15370
2014-07-26	17	14410	8670
2014-07-26	18	26090	17740
2014-07-26	19	13250	9690
2014-07-26	20	14460	9770
2014-07-26	21	19410	10710
2014-07-26	22	11810	9770
2014-07-26	23	12880	10440
2014-07-26	24	10150	9390
2014-07-26	25	9240	5770
2014-07-26	26	13750	10270
2014-07-26	27	10570	7760
2014-07-26	28	12500	10570
2014-07-26	29	14710	13570
2014-07-26	30	11510	9550
2014-07-26	31	13260	12910
2014-07-26	32	16760	11550
2014-07-26	33	17550	13340
2014-07-26	34	12850	11510
2014-07-26	35	20850	19370
2014-07-26	36	12010	0
2014-07-26	37	17160	0
2014-07-26	38	17770	0
2014-07-26	39	9610	0
2014-07-26	40	11840	0
2014-07-26	41	11630	0
2014-07-26	42	12130	0
2014-07-26	43	9040	0
2014-07-26	44	14670	0
2014-07-26	45	6440	0
2014-07-26	46	18780	0
2014-07-26	47	13500	0
2014-07-26	48	18380	0
2014-07-26	49	16380	0
2014-07-27	1	15430	12060
2014-07-27	2	9080	8230
2014-07-27	3	10890	10430
2014-07-27	4	16970	14830
2014-07-27	5	14380	12520
2014-07-27	6	11960	9540
2014-07-27	7	16560	14730
2014-07-27	8	16190	12590
2014-07-27	9	18770	16790
2014-07-27	10	18720	14440
2014-07-27	11	11620	8950
2014-07-27	12	10800	7440
2014-07-27	13	19520	11760
2014-07-27	14	11200	7330
2014-07-27	15	15550	13930
2014-07-27	16	15900	15370
2014-07-27	17	14410	8670
2014-07-27	18	26090	17740
2014-07-27	19	13250	9690
2014-07-27	20	14460	9770
2014-07-27	21	19410	10710
2014-07-27	22	11810	9770
2014-07-27	23	12880	10440
2014-07-27	24	10150	9390
2014-07-27	25	9240	5770
2014-07-27	26	13750	10270
2014-07-27	27	10570	7760
2014-07-27	28	12500	10570
2014-07-27	29	14710	13570
2014-07-27	30	11510	9550
2014-07-27	31	13260	12910
2014-07-27	32	16760	11550
2014-07-27	33	17550	13340
2014-07-27	34	12850	11510
2014-07-27	35	20850	19370
2014-07-27	36	12010	0
2014-07-27	37	17160	0
2014-07-27	38	17770	0
2014-07-27	39	9610	0
2014-07-27	40	11840	0
2014-07-27	41	11630	0
2014-07-27	42	12130	0
2014-07-27	43	9040	0
2014-07-27	44	14670	0
2014-07-27	45	9630	0
2014-07-27	46	18780	0
2014-07-27	47	13500	0
2014-07-27	48	18380	0
2014-07-27	49	16380	0
2014-07-28	1	15430	12060
2014-07-28	2	9080	8230
2014-07-28	3	10890	10430
2014-07-28	4	16970	14830
2014-07-28	5	14380	12520
2014-07-28	6	11960	9540
2014-07-28	7	16560	14730
2014-07-28	8	16190	12590
2014-07-28	9	18770	16790
2014-07-28	10	18720	14440
2014-07-28	11	11620	8950
2014-07-28	12	10800	7440
2014-07-28	13	19520	11760
2014-07-28	14	11200	7330
2014-07-28	15	15550	13930
2014-07-28	16	15900	15370
2014-07-28	17	14410	8670
2014-07-28	18	26090	17740
2014-07-28	19	13250	9690
2014-07-28	20	14460	9770
2014-07-28	21	19410	10710
2014-07-28	22	11810	9770
2014-07-28	23	12880	10440
2014-07-28	24	10150	9390
2014-07-28	25	9240	5770
2014-07-28	26	13750	10270
2014-07-28	27	10570	7760
2014-07-28	28	12500	10570
2014-07-28	29	14710	13570
2014-07-28	30	11510	9550
2014-07-28	31	13260	12910
2014-07-28	32	16760	11550
2014-07-28	33	17550	13340
2014-07-28	34	12850	11510
2014-07-28	35	20850	19370
2014-07-28	36	12010	0
2014-07-28	37	17160	0
2014-07-28	38	17770	0
2014-07-28	39	9610	0
2014-07-28	40	11840	0
2014-07-28	41	11630	0
2014-07-28	42	12130	0
2014-07-28	43	9040	0
2014-07-28	44	14670	0
2014-07-28	45	9630	0
2014-07-28	46	18780	0
2014-07-28	47	13500	0
2014-07-28	48	18380	0
2014-07-28	49	22880	0
2014-07-29	1	15430	12060
2014-07-29	2	9080	8230
2014-07-29	3	10890	10430
2014-07-29	4	16970	14830
2014-07-29	5	14380	12520
2014-07-29	6	11960	9540
2014-07-29	7	16560	14730
2014-07-29	8	16190	12590
2014-07-29	9	18770	16790
2014-07-29	10	18720	14440
2014-07-29	11	11620	8950
2014-07-29	12	10800	7440
2014-07-29	13	19520	11760
2014-07-29	14	11200	7330
2014-07-29	15	15550	13930
2014-07-29	16	15900	15370
2014-07-29	17	14410	8670
2014-07-29	18	26090	17740
2014-07-29	19	13250	9690
2014-07-29	20	14460	9770
2014-07-29	21	19410	10710
2014-07-29	22	11810	9770
2014-07-29	23	12880	10440
2014-07-29	24	10150	9390
2014-07-29	25	9240	5770
2014-07-29	26	13750	10270
2014-07-29	27	10570	7760
2014-07-29	28	12500	10570
2014-07-29	29	14710	13570
2014-07-29	30	11510	9550
2014-07-29	31	13260	12910
2014-07-29	32	16760	11550
2014-07-29	33	17550	13340
2014-07-29	34	12850	11510
2014-07-29	35	20850	19370
2014-07-29	36	12010	10780
2014-07-29	37	17160	14730
2014-07-29	38	17770	15420
2014-07-29	39	9610	0
2014-07-29	40	11840	0
2014-07-29	41	11630	0
2014-07-29	42	12130	0
2014-07-29	43	9040	0
2014-07-29	44	14670	0
2014-07-29	45	9630	0
2014-07-29	46	18780	0
2014-07-29	47	13500	0
2014-07-29	48	18380	0
2014-07-29	49	22880	0
2014-07-30	1	15430	12060
2014-07-30	2	9080	10120
2014-07-30	3	10890	10430
2014-07-30	4	16970	14830
2014-07-30	5	14380	12520
2014-07-30	6	11960	12930
2014-07-30	7	16560	14730
2014-07-30	8	16190	17170
2014-07-30	9	18770	16790
2014-07-30	10	18720	14440
2014-07-30	11	11620	8950
2014-07-30	12	10800	7440
2014-07-30	13	19520	11760
2014-07-30	14	11200	7330
2014-07-30	15	15550	13930
2014-07-30	16	15900	15370
2014-07-30	17	14410	8670
2014-07-30	18	26090	17740
2014-07-30	19	13250	9690
2014-07-30	20	14460	9770
2014-07-30	21	19410	10710
2014-07-30	22	11810	9770
2014-07-30	23	12880	10440
2014-07-30	24	10150	9390
2014-07-30	25	9240	5770
2014-07-30	26	13750	10270
2014-07-30	27	10570	7760
2014-07-30	28	12500	10570
2014-07-30	29	14710	13570
2014-07-30	30	11510	9550
2014-07-30	31	13260	12910
2014-07-30	32	16760	11550
2014-07-30	33	17550	13340
2014-07-30	34	12850	11510
2014-07-30	35	20850	19370
2014-07-30	36	12010	10780
2014-07-30	37	17160	14730
2014-07-30	38	17770	15420
2014-07-30	39	9610	10040
2014-07-30	40	11840	8200
2014-07-30	41	11630	10830
2014-07-30	42	12130	0
2014-07-30	43	9040	0
2014-07-30	44	14670	0
2014-07-30	45	9630	0
2014-07-30	46	18780	0
2014-07-30	47	13500	0
2014-07-30	48	18380	0
2014-07-30	49	22880	0
2014-07-31	1	15430	12060
2014-07-31	2	9080	10120
2014-07-31	3	10890	10430
2014-07-31	4	16970	14830
2014-07-31	5	14380	12520
2014-07-31	6	11960	12930
2014-07-31	7	16560	14730
2014-07-31	8	16190	17170
2014-07-31	9	18770	16790
2014-07-31	10	18720	14440
2014-07-31	11	11620	8950
2014-07-31	12	10800	7440
2014-07-31	13	19520	11760
2014-07-31	14	11200	7330
2014-07-31	15	15550	13930
2014-07-31	16	15900	15370
2014-07-31	17	14410	8670
2014-07-31	18	26090	17740
2014-07-31	19	13250	9690
2014-07-31	20	14460	9770
2014-07-31	21	19410	10710
2014-07-31	22	11810	9770
2014-07-31	23	12880	10440
2014-07-31	24	10150	9390
2014-07-31	25	9240	5770
2014-07-31	26	13750	10270
2014-07-31	27	10570	7760
2014-07-31	28	12500	10570
2014-07-31	29	14710	13570
2014-07-31	30	11510	9550
2014-07-31	31	13260	12910
2014-07-31	32	16760	11550
2014-07-31	33	17550	13340
2014-07-31	34	12850	11510
2014-07-31	35	20850	19370
2014-07-31	36	12010	10780
2014-07-31	37	17160	14730
2014-07-31	38	17770	15420
2014-07-31	39	9610	10040
2014-07-31	40	11840	8200
2014-07-31	41	11630	10830
2014-07-31	42	12130	8880
2014-07-31	43	9040	7770
2014-07-31	44	14670	12990
2014-07-31	45	9630	7040
2014-07-31	46	18780	0
2014-07-31	47	13500	0
2014-07-31	48	18380	0
2014-07-31	49	22880	0
2014-08-01	1	15430	12060
2014-08-01	2	12420	10120
2014-08-01	3	10890	10430
2014-08-01	4	16970	14830
2014-08-01	5	14380	12520
2014-08-01	6	19670	12930
2014-08-01	7	16560	14730
2014-08-01	8	16190	17170
2014-08-01	9	18770	16790
2014-08-01	10	18720	14440
2014-08-01	11	11620	8950
2014-08-01	12	10800	7440
2014-08-01	13	19520	11760
2014-08-01	14	11200	7330
2014-08-01	15	15550	13930
2014-08-01	16	15900	15370
2014-08-01	17	14410	8670
2014-08-01	18	26090	17740
2014-08-01	19	13250	9690
2014-08-01	20	14460	9770
2014-08-01	21	19410	10710
2014-08-01	22	11810	9770
2014-08-01	23	12880	10440
2014-08-01	24	10150	9390
2014-08-01	25	9240	5770
2014-08-01	26	13750	10270
2014-08-01	27	10570	7760
2014-08-01	28	12500	10570
2014-08-01	29	14710	13570
2014-08-01	30	11510	9550
2014-08-01	31	13260	12910
2014-08-01	32	16760	11550
2014-08-01	33	17550	13340
2014-08-01	34	12850	11510
2014-08-01	35	20850	19370
2014-08-01	36	12010	10780
2014-08-01	37	17160	14730
2014-08-01	38	17770	15420
2014-08-01	39	9610	10040
2014-08-01	40	11840	8200
2014-08-01	41	11630	10830
2014-08-01	42	12130	8880
2014-08-01	43	9040	7770
2014-08-01	44	14670	12990
2014-08-01	45	9630	7040
2014-08-01	46	18780	0
2014-08-01	47	13500	0
2014-08-01	48	18380	0
2014-08-01	49	22880	0
2014-08-02	1	15430	12060
2014-08-02	2	12420	10120
2014-08-02	3	10890	10430
2014-08-02	4	16970	14830
2014-08-02	5	14380	12520
2014-08-02	6	19670	12930
2014-08-02	7	16560	14730
2014-08-02	8	16190	17170
2014-08-02	9	20980	16790
2014-08-02	10	18720	14440
2014-08-02	11	11620	8950
2014-08-02	12	10800	7440
2014-08-02	13	19520	11760
2014-08-02	14	11200	7330
2014-08-02	15	15550	13930
2014-08-02	16	15900	15370
2014-08-02	17	14410	8670
2014-08-02	18	26090	17740
2014-08-02	19	13250	9690
2014-08-02	20	14460	9770
2014-08-02	21	19410	10710
2014-08-02	22	11810	9770
2014-08-02	23	12880	10440
2014-08-02	24	10150	9390
2014-08-02	25	9240	5770
2014-08-02	26	13750	10270
2014-08-02	27	10570	7760
2014-08-02	28	12500	10570
2014-08-02	29	14710	13570
2014-08-02	30	11510	9550
2014-08-02	31	13260	12910
2014-08-02	32	16760	11550
2014-08-02	33	17550	13340
2014-08-02	34	12850	11510
2014-08-02	35	20850	19370
2014-08-02	36	12010	10780
2014-08-02	37	17160	14730
2014-08-02	38	17770	15420
2014-08-02	39	9610	10040
2014-08-02	40	11840	8200
2014-08-02	41	11630	10830
2014-08-02	42	12130	8880
2014-08-02	43	9040	7770
2014-08-02	44	14670	12990
2014-08-02	45	9630	7040
2014-08-02	46	18780	16310
2014-08-02	47	13500	0
2014-08-02	48	18380	0
2014-08-02	49	22880	0
2014-08-03	1	15430	12060
2014-08-03	2	12420	10120
2014-08-03	3	10890	10430
2014-08-03	4	16970	14830
2014-08-03	5	14380	12520
2014-08-03	6	19670	12930
2014-08-03	7	16560	14730
2014-08-03	8	16190	17170
2014-08-03	9	20980	16790
2014-08-03	10	18720	14440
2014-08-03	11	11620	8950
2014-08-03	12	10800	7440
2014-08-03	13	19520	11760
2014-08-03	14	11200	7330
2014-08-03	15	15550	13930
2014-08-03	16	15900	15370
2014-08-03	17	14410	8670
2014-08-03	18	26090	17740
2014-08-03	19	13250	9690
2014-08-03	20	14460	9770
2014-08-03	21	19410	10710
2014-08-03	22	11810	9770
2014-08-03	23	12880	10440
2014-08-03	24	10150	9390
2014-08-03	25	9240	5770
2014-08-03	26	13750	10270
2014-08-03	27	10570	7760
2014-08-03	28	12500	10570
2014-08-03	29	14710	13570
2014-08-03	30	11510	9550
2014-08-03	31	13260	12910
2014-08-03	32	16760	11550
2014-08-03	33	17550	13340
2014-08-03	34	12850	11510
2014-08-03	35	20850	19370
2014-08-03	36	12010	10780
2014-08-03	37	17160	14730
2014-08-03	38	17770	15420
2014-08-03	39	11170	10040
2014-08-03	40	11840	8200
2014-08-03	41	11630	10830
2014-08-03	42	12130	8880
2014-08-03	43	9040	7770
2014-08-03	44	14670	12990
2014-08-03	45	9630	7040
2014-08-03	46	18780	16310
2014-08-03	47	13500	0
2014-08-03	48	18380	0
2014-08-03	49	22880	0
